last_name,exam1,exam2,exam3
AAA,75,80.8988764,86
BBB,35,60.6741573,79.5
CCC,86.25,78.65168539,89
DDD,72.5,76.96629213,93
EEE,86.25,66.29213483,73.5
FFF,57.5,88.20224719,90
GGG,76.25,94.38202247,92
HHH,47.5,71.91011236,81
